playlist_name,playlist_id,music_name,music_id,music_explicit,music_popularity,album_name,album_id,album_image,album_release_date,artist_name,artist_id,music_duration,music_key,music_acousticness,music_danceability,music_energy,music_instrumentalness,music_liveness,music_loudness,music_mode,music_speechness,music_valence,music_tempo,artist_genres
wrapped 2021,1yrZ9vFolGiu6llFm5pCE6,R U Mine?,2AT8iROs4FQueDv2c8q2KE,False,85,AM,78bpIziExqiI9qztvNFlQu,https://i.scdn.co/image/ab67616d0000b2734ae1c4c5c45aabe565499163,2013-09-09,Arctic Monkeys,7Ln80lUS6He07XvHI8qqHH,201726,6,0.00616,0.288,0.758,0.0,0.303,-5.692,0,0.0371,0.619,97.094,"garage rock, modern rock, permanent wave, rock, sheffield indie"
wrapped 2021,1yrZ9vFolGiu6llFm5pCE6,Do I Wanna Know?,5FVd6KXrgO9B3JPmC8OPst,False,90,AM,78bpIziExqiI9qztvNFlQu,https://i.scdn.co/image/ab67616d0000b2734ae1c4c5c45aabe565499163,2013-09-09,Arctic Monkeys,7Ln80lUS6He07XvHI8qqHH,272394,5,0.186,0.548,0.532,0.000263,0.217,-7.596,1,0.0323,0.405,85.03,"garage rock, modern rock, permanent wave, rock, sheffield indie"
wrapped 2021,1yrZ9vFolGiu6llFm5pCE6,One Step Closer,3K4HG9evC7dg3N0R9cYqk4,False,82,Hybrid Theory (Bonus Edition),6hPkbAV3ZXpGZBGUvL6jVM,https://i.scdn.co/image/ab67616d0000b273e2f039481babe23658fc719a,2000-10-24,Linkin Park,6XyY86QOPPrYVGvF9ch6wz,157333,9,0.0014,0.492,0.969,1.32e-06,0.0787,-4.419,1,0.0491,0.538,95.136,"alternative metal, nu metal, post-grunge, rap metal, rock"
wrapped 2021,1yrZ9vFolGiu6llFm5pCE6,What I've Done,18lR4BzEs7e3qzc0KVkTpU,False,84,Minutes to Midnight,2tlTBLz2w52rpGCLBGyGw6,https://i.scdn.co/image/ab67616d0000b2736e996745f2c7b8036abef213,2007-05-14,Linkin Park,6XyY86QOPPrYVGvF9ch6wz,205613,5,0.0141,0.623,0.93,1.64e-06,0.138,-5.285,1,0.0324,0.287,120.119,"alternative metal, nu metal, post-grunge, rap metal, rock"
wrapped 2021,1yrZ9vFolGiu6llFm5pCE6,Numb,2nLtzopw4rPReszdYBJU6h,False,89,Meteora,4Gfnly5CzMJQqkUFfoHaP3,https://i.scdn.co/image/ab67616d0000b273b4ad7ebaf4575f120eb3f193,2003-09-16,Linkin Park,6XyY86QOPPrYVGvF9ch6wz,185587,9,0.0046,0.496,0.863,0.0,0.639,-4.153,1,0.0381,0.243,110.018,"alternative metal, nu metal, post-grunge, rap metal, rock"
wrapped 2021,1yrZ9vFolGiu6llFm5pCE6,BURN IT DOWN,7oVEtyuv9NBmnytsCIsY5I,False,77,LIVING THINGS,4XHIjbhjRmqWlosjj5rqSI,https://i.scdn.co/image/ab67616d0000b273987fb4c5ec8790e9f637a4a4,2012-06-20,Linkin Park,6XyY86QOPPrYVGvF9ch6wz,230253,9,0.0143,0.585,0.972,0.0,0.0707,-4.45,0,0.0534,0.585,110.006,"alternative metal, nu metal, post-grunge, rap metal, rock"
wrapped 2021,1yrZ9vFolGiu6llFm5pCE6,Time is Running Out,2takcwOaAZWiXQijPHIx7B,False,60,Absolution,0HcHPBu9aaF1MxOiZmUQTl,https://i.scdn.co/image/ab67616d0000b2738cb690f962092fd44bbe2bf4,2004-03-23,Muse,12Chz98pHFMPJEknJQMWvI,237040,9,0.00242,0.585,0.842,0.00686,0.0866,-5.883,0,0.0556,0.428,118.211,"alternative rock, modern rock, permanent wave, rock"
wrapped 2021,1yrZ9vFolGiu6llFm5pCE6,Plug in Baby,2UKARCqDrhkYDoVR4FN5Wi,False,69,Origin of Symmetry,1Dh27pjT3IEdiRG9Se5uQn,https://i.scdn.co/image/ab67616d0000b2735225e9931a558f6d2f541a7d,2001,Muse,12Chz98pHFMPJEknJQMWvI,218000,2,6.94e-06,0.408,0.965,0.000402,0.11,-4.232,1,0.05,0.349,136.018,"alternative rock, modern rock, permanent wave, rock"
wrapped 2021,1yrZ9vFolGiu6llFm5pCE6,Learn to Fly,5OQsiBsky2k2kDKy2bX2eT,False,80,There Is Nothing Left To Lose,28q2N44ocJECgf8sbHEDfY,https://i.scdn.co/image/ab67616d0000b2731759635c92b6314d3d3c9fe9,1999-11-02,Foo Fighters,7jy3rLJdDQY21OgRLCZ9sD,235293,4,1.83e-05,0.465,0.919,2.07e-05,0.262,-4.025,1,0.0408,0.537,135.997,"alternative metal, alternative rock, modern rock, permanent wave, post-grunge, rock"
wrapped 2021,1yrZ9vFolGiu6llFm5pCE6,All My Life,6tsojOQ5wHaIjKqIryLZK6,False,76,One By One (Expanded Edition),1zQ6F8gMagKcPL4SoA80cx,https://i.scdn.co/image/ab67616d0000b273b00ee453b3496535eaa6e4b3,2002-10-22,Foo Fighters,7jy3rLJdDQY21OgRLCZ9sD,263440,5,0.000218,0.577,0.604,0.000579,0.477,-5.703,1,0.0495,0.637,167.719,"alternative metal, alternative rock, modern rock, permanent wave, post-grunge, rock"
wrapped 2021,1yrZ9vFolGiu6llFm5pCE6,Best of You,5FZxsHWIvUsmSK1IAvm2pp,False,79,In Your Honor,2eprpJCYbCbPZRKVGIEJxZ,https://i.scdn.co/image/ab67616d0000b2736c44679425e2695001b35d72,2005-06-14,Foo Fighters,7jy3rLJdDQY21OgRLCZ9sD,255627,1,0.000769,0.366,0.94,9.42e-05,0.188,-5.119,0,0.0696,0.369,130.198,"alternative metal, alternative rock, modern rock, permanent wave, post-grunge, rock"
wrapped 2021,1yrZ9vFolGiu6llFm5pCE6,Everlong,5UWwZ5lm5PKu6eKsHAGxOk,False,87,The Colour And The Shape,30ly6F6Xl0TKmyBCU50Khv,https://i.scdn.co/image/ab67616d0000b2730389027010b78a5e7dce426b,1997-05-20,Foo Fighters,7jy3rLJdDQY21OgRLCZ9sD,250547,11,5.99e-05,0.413,0.881,0.000308,0.0805,-5.541,0,0.0367,0.364,158.066,"alternative metal, alternative rock, modern rock, permanent wave, post-grunge, rock"
wrapped 2021,1yrZ9vFolGiu6llFm5pCE6,The Pretender,7x8dCjCr0x6x2lXKujYD34,False,82,"Echoes, Silence, Patience & Grace",3ilXDEG0xiajK8AbqboeJz,https://i.scdn.co/image/ab67616d0000b27383e260c313dc1ff1f17909cf,2007-09-25,Foo Fighters,7jy3rLJdDQY21OgRLCZ9sD,269373,9,0.000917,0.433,0.959,0.0,0.028,-4.04,1,0.0431,0.365,172.984,"alternative metal, alternative rock, modern rock, permanent wave, post-grunge, rock"
wrapped 2021,1yrZ9vFolGiu6llFm5pCE6,Down with the Sickness,40rvBMQizxkIqnjPdEWY1v,True,80,The Sickness,6IvosVciDOQ9NAPaKwhtLY,https://i.scdn.co/image/ab67616d0000b2732b222dcd5c4fcac7c0e81da2,2000-03-07,Disturbed,3TOqt5oJwL9BE2NG9MEwDa,279213,3,0.000996,0.695,0.876,6.89e-06,0.106,-4.262,0,0.0553,0.941,89.954,"alternative metal, nu metal, rap metal, rock"
wrapped 2021,1yrZ9vFolGiu6llFm5pCE6,Stricken,6RJdYpFQwLyNfDc5FbjkgV,False,76,Ten Thousand Fists,0Te7OvzuUMnbsqCneIDUm6,https://i.scdn.co/image/ab67616d0000b273bbdafec608fc5329ec2ad831,2005-09-19,Disturbed,3TOqt5oJwL9BE2NG9MEwDa,245227,8,9.14e-05,0.402,0.969,0.0325,0.225,-2.825,1,0.181,0.262,173.847,"alternative metal, nu metal, rap metal, rock"
wrapped 2021,1yrZ9vFolGiu6llFm5pCE6,When I'm Gone,3WbphvawbMZ8FyqDxYGdSQ,False,74,Away From The Sun,72olNArm75vOycSziqIX9Y,https://i.scdn.co/image/ab67616d0000b27383c39b0d32eb4a2064e1e228,2002-11-12,3 Doors Down,2RTUTCvo6onsAnheUk3aL9,260333,7,0.00385,0.53,0.768,0.0,0.103,-5.611,1,0.0284,0.374,148.095,"alternative metal, nu metal, post-grunge, rock"
wrapped 2021,1yrZ9vFolGiu6llFm5pCE6,Let Me Go,6A1yZW5SLd9hpLZsG29hCQ,False,54,The Greatest Hits,22S5arZONb8LdaURbpzpDR,https://i.scdn.co/image/ab67616d0000b2738478a4997f9c8d1e197423c3,2012-01-01,3 Doors Down,2RTUTCvo6onsAnheUk3aL9,243053,1,0.0181,0.478,0.863,0.0,0.111,-4.914,0,0.0387,0.491,92.004,"alternative metal, nu metal, post-grunge, rock"
wrapped 2021,1yrZ9vFolGiu6llFm5pCE6,Kryptonite,6ZOBP3NvffbU4SZcrnt1k6,False,83,The Better Life,5gO2acKSOaJnP0Mcy8IpU6,https://i.scdn.co/image/ab67616d0000b2732868c4713a3912fd476b42f1,2000,3 Doors Down,2RTUTCvo6onsAnheUk3aL9,233933,11,0.00664,0.545,0.865,1.1e-05,0.168,-5.708,0,0.0286,0.543,99.009,"alternative metal, nu metal, post-grunge, rock"
wrapped 2021,1yrZ9vFolGiu6llFm5pCE6,Here Without You,3NLrRZoMF0Lx6zTlYqeIo4,False,79,Away From The Sun,72olNArm75vOycSziqIX9Y,https://i.scdn.co/image/ab67616d0000b27383c39b0d32eb4a2064e1e228,2002-11-12,3 Doors Down,2RTUTCvo6onsAnheUk3aL9,238733,10,0.0492,0.557,0.533,0.0,0.205,-6.817,0,0.0252,0.233,143.994,"alternative metal, nu metal, post-grunge, rock"
wrapped 2021,1yrZ9vFolGiu6llFm5pCE6,The Diary of Jane - Single Version,0faXHILILebCGnJBPU6KJJ,False,77,Phobia (Clean Version),2usyeZYdUHKlNHKDKgAYSo,https://i.scdn.co/image/ab67616d0000b2735aa75a47afe2804e280bd149,2006-01-01,Breaking Benjamin,5BtHciL0e0zOP7prIHn3pP,200547,10,7.13e-05,0.392,0.964,0.0387,0.106,-4.441,0,0.0644,0.269,167.024,"alternative metal, nu metal, post-grunge"
wrapped 2021,1yrZ9vFolGiu6llFm5pCE6,I Will Not Bow,2yXyz4NLTZx9CLdXfLTp5E,False,73,Dear Agony,0mBvlBWI6TMDrWvQ8bKOKV,https://i.scdn.co/image/ab67616d0000b27308cdafd988bd04d9b14159d3,2009-01-01,Breaking Benjamin,5BtHciL0e0zOP7prIHn3pP,216733,8,0.000165,0.533,0.955,1.36e-05,0.38,-3.708,1,0.0653,0.55,107.984,"alternative metal, nu metal, post-grunge"
wrapped 2021,1yrZ9vFolGiu6llFm5pCE6,It's Been Awhile,1BExV8JprNJLvLeDE9qdEW,True,68,Break the Cycle,0HogGfosAvj4tF3GTv2KIE,https://i.scdn.co/image/ab67616d0000b27300e9c78a5d11dd6cf8e8f43e,2001-05-22,Staind,5KDIH2gF0VpelTqyQS7udb,264707,6,0.00189,0.509,0.774,0.000549,0.143,-4.054,1,0.0338,0.0824,116.529,"alternative metal, nu metal, post-grunge"
wrapped 2021,1yrZ9vFolGiu6llFm5pCE6,Outside,5D6rk7Zr7FRy5m2fDte5fp,False,61,Break the Cycle,0HogGfosAvj4tF3GTv2KIE,https://i.scdn.co/image/ab67616d0000b27300e9c78a5d11dd6cf8e8f43e,2001-05-22,Staind,5KDIH2gF0VpelTqyQS7udb,293133,1,0.00844,0.515,0.594,0.00658,0.0752,-4.708,1,0.0262,0.218,146.564,"alternative metal, nu metal, post-grunge"
wrapped 2021,1yrZ9vFolGiu6llFm5pCE6,Can't Stop,3ZOEytgrvLwQaqXreDs2Jx,False,87,By the Way (Deluxe Edition),6deiaArbeoqp1xPEGdEKp1,https://i.scdn.co/image/ab67616d0000b273de1af2785a83cc660155a0c4,2002-07-09,Red Hot Chili Peppers,0L8ExT028jH3ddEcZwqJJ5,269000,9,0.0179,0.618,0.938,0.0,0.167,-3.442,1,0.0456,0.875,91.455,"alternative rock, funk metal, funk rock, permanent wave, rock"
wrapped 2021,1yrZ9vFolGiu6llFm5pCE6,Dani California,10Nmj3JCNoMeBQ87uw5j8k,False,82,Stadium Arcadium,7xl50xr9NDkd3i2kBbzsNZ,https://i.scdn.co/image/ab67616d0000b27309fd83d32aee93dceba78517,2006-05-09,Red Hot Chili Peppers,0L8ExT028jH3ddEcZwqJJ5,282160,0,0.0193,0.556,0.913,8.59e-06,0.346,-2.36,1,0.0437,0.73,96.184,"alternative rock, funk metal, funk rock, permanent wave, rock"
wrapped 2021,1yrZ9vFolGiu6llFm5pCE6,Californication,48UPSzbZjgc449aqz8bxox,False,86,Californication (Deluxe Edition),2Y9IRtehByVkegoD7TcLfi,https://i.scdn.co/image/ab67616d0000b27394d08ab63e57b0cae74e8595,1999-06-08,Red Hot Chili Peppers,0L8ExT028jH3ddEcZwqJJ5,329733,9,0.0021,0.592,0.767,0.00165,0.127,-2.788,0,0.027,0.328,96.483,"alternative rock, funk metal, funk rock, permanent wave, rock"
wrapped 2021,1yrZ9vFolGiu6llFm5pCE6,Under the Bridge,3d9DChrdc6BOeFsbrZ3Is0,False,87,Blood Sugar Sex Magik (Deluxe Edition),30Perjew8HyGkdSmqguYyg,https://i.scdn.co/image/ab67616d0000b273153d79816d853f2694b2cc70,1991-09-24,Red Hot Chili Peppers,0L8ExT028jH3ddEcZwqJJ5,264307,4,0.0576,0.559,0.345,0.000105,0.141,-13.496,1,0.0459,0.458,84.581,"alternative rock, funk metal, funk rock, permanent wave, rock"
wrapped 2021,1yrZ9vFolGiu6llFm5pCE6,Through Glass,5NeIONQWJ25uPylJBJiO4c,False,73,Come What(ever) May [10th Anniversary Edition],0dZB8UHYsM7jKmm7ByzAVq,https://i.scdn.co/image/ab67616d0000b273b424aeb510016daa1bc0251c,2006,Stone Sour,49qiE8dj4JuNdpYGRPdKbF,282947,3,0.0417,0.545,0.753,0.0,0.389,-4.618,0,0.036,0.434,105.754,"alternative metal, nu metal, post-grunge"
wrapped 2021,1yrZ9vFolGiu6llFm5pCE6,Absolute Zero,14EORgkbXqIx5K4Haucmnb,True,69,"House of Gold & Bones, Part 1",2nCHgPLLyIgxFKUBYuMKPn,https://i.scdn.co/image/ab67616d0000b2738328645e58684d8770a8475f,2012-10-17,Stone Sour,49qiE8dj4JuNdpYGRPdKbF,229840,1,0.000108,0.552,0.988,0.309,0.846,-2.555,0,0.0787,0.619,139.941,"alternative metal, nu metal, post-grunge"
wrapped 2021,1yrZ9vFolGiu6llFm5pCE6,Would? (2022 Remaster),5sFDReWLrZHLFZFjHsjUTS,False,77,Dirt (2022 Remaster),58NXIEYqmq5dQHg9nV9duM,https://i.scdn.co/image/ab67616d0000b2731cd131e5e9ad887ad8c1ecb7,1992-09-29,Alice In Chains,64tNsm6TnZe2zpcMVMOoHL,206773,6,0.000327,0.305,0.833,2.36e-05,0.091,-7.981,1,0.0398,0.586,100.675,"alternative metal, alternative rock, grunge, hard rock, nu metal, rock"
wrapped 2021,1yrZ9vFolGiu6llFm5pCE6,Rooster (2022 Remaster),0wvIGFIgbyz4JNwQhZgTv2,False,73,Dirt (2022 Remaster),58NXIEYqmq5dQHg9nV9duM,https://i.scdn.co/image/ab67616d0000b2731cd131e5e9ad887ad8c1ecb7,1992-09-29,Alice In Chains,64tNsm6TnZe2zpcMVMOoHL,374333,3,0.0307,0.271,0.551,0.000581,0.118,-8.46,1,0.0272,0.2,143.899,"alternative metal, alternative rock, grunge, hard rock, nu metal, rock"
wrapped 2021,1yrZ9vFolGiu6llFm5pCE6,So Far Under,22v7TSojrks5saGHHVjHus,False,14,So Far Under,1FFjewh41C13XXfmHOJYUv,https://i.scdn.co/image/ab67616d0000b2736ae2c0bc4478bdb42bedf481,2018-06-27,Alice In Chains,64tNsm6TnZe2zpcMVMOoHL,273280,7,0.000762,0.48,0.898,0.00356,0.0668,-5.459,0,0.0493,0.406,134.913,"alternative metal, alternative rock, grunge, hard rock, nu metal, rock"
wrapped 2021,1yrZ9vFolGiu6llFm5pCE6,Down In A Hole (2022 Remaster),7FRfYOql61DGDp9VPPe2qA,False,68,Dirt (2022 Remaster),58NXIEYqmq5dQHg9nV9duM,https://i.scdn.co/image/ab67616d0000b2731cd131e5e9ad887ad8c1ecb7,1992-09-29,Alice In Chains,64tNsm6TnZe2zpcMVMOoHL,338227,6,0.0134,0.357,0.795,0.00013,0.111,-5.909,1,0.0337,0.416,97.171,"alternative metal, alternative rock, grunge, hard rock, nu metal, rock"
wrapped 2021,1yrZ9vFolGiu6llFm5pCE6,Scars,3TAtUJc4Sj913Cs5gBUeu0,False,65,Getting Away With Murder,1OO7kdJ4OzWbjcroJEpfTH,https://i.scdn.co/image/ab67616d0000b2732d5551c32546cafe3aafd939,2004-01-01,Papa Roach,4RddZ3iHvSpGV4dvATac9X,208199,11,0.0875,0.455,0.929,0.0,0.226,-3.295,1,0.0494,0.484,89.782,"alternative metal, nu metal, rap metal, rap rock, rock"
wrapped 2021,1yrZ9vFolGiu6llFm5pCE6,Last Resort,5W8YXBz9MTIDyrpYaCg2Ky,True,83,Infest,0BHa0ePkvGAVKymB4FU58m,https://i.scdn.co/image/ab67616d0000b273985bf5ede2fe4a048ee85f28,2001-04-25,Papa Roach,4RddZ3iHvSpGV4dvATac9X,199907,4,0.000481,0.589,0.89,0.00082,0.201,-3.719,0,0.0603,0.692,90.598,"alternative metal, nu metal, rap metal, rap rock, rock"
wrapped 2021,1yrZ9vFolGiu6llFm5pCE6,"Dance, Dance",0a7BloCiNzLDD9qSQHh5m7,False,80,From Under The Cork Tree,5nkUSlIhtoJZMOUlB0sNCp,https://i.scdn.co/image/ab67616d0000b27371565eda831124be86c603d5,2005-05-03,Fall Out Boy,4UXqAaa6dQYAk18Lv7PEgX,180267,11,0.00523,0.622,0.961,0.0,0.0854,-3.198,0,0.154,0.449,114.452,"emo, modern rock, pop, rock"
wrapped 2021,1yrZ9vFolGiu6llFm5pCE6,Black,5Xak5fmy089t0FYmh3VJiY,False,77,Ten,5B4PYA7wNN4WdEXdIJu58a,https://i.scdn.co/image/ab67616d0000b273d400d27cba05bb0545533864,1991-08-27,Pearl Jam,1w5Kfo2jwwIPruYS2UWh56,342653,4,0.323,0.36,0.684,0.0,0.34,-6.457,0,0.0308,0.2,77.15,"alternative metal, alternative rock, classic rock, grunge, permanent wave, rock"
wrapped 2021,1yrZ9vFolGiu6llFm5pCE6,Even Flow,6QewNVIDKdSl8Y3ycuHIei,True,80,Ten,5B4PYA7wNN4WdEXdIJu58a,https://i.scdn.co/image/ab67616d0000b273d400d27cba05bb0545533864,1991-08-27,Pearl Jam,1w5Kfo2jwwIPruYS2UWh56,292581,10,0.00178,0.394,0.944,4.54e-06,0.298,-6.506,0,0.0761,0.265,105.338,"alternative metal, alternative rock, classic rock, grunge, permanent wave, rock"
wrapped 2021,1yrZ9vFolGiu6llFm5pCE6,Alive,1L94M3KIu7QluZe63g64rv,False,78,Ten,5B4PYA7wNN4WdEXdIJu58a,https://i.scdn.co/image/ab67616d0000b273d400d27cba05bb0545533864,1991-08-27,Pearl Jam,1w5Kfo2jwwIPruYS2UWh56,340907,11,0.00752,0.284,0.875,0.000461,0.402,-6.069,0,0.0422,0.595,75.009,"alternative metal, alternative rock, classic rock, grunge, permanent wave, rock"
wrapped 2021,1yrZ9vFolGiu6llFm5pCE6,Drive,7nnWIPM5hwE3DaUBkvOIpy,False,79,Make Yourself,2i6nd4FV6y7K9fln6eelmR,https://i.scdn.co/image/ab67616d0000b27374fad40214d982351347e46e,1999-10-26,Incubus,3YcBF2ttyueytpXtEzn1Za,232453,4,0.0562,0.645,0.792,0.0121,0.119,-7.34,0,0.036,0.666,90.565,"alternative metal, alternative rock, funk metal, funk rock, nu metal, post-grunge, rock"
wrapped 2021,1yrZ9vFolGiu6llFm5pCE6,Wish You Were Here,6KtLECDztnah63TNmV4Plw,False,73,Morning View,1rQZbncicoXyB64DqoH7OY,https://i.scdn.co/image/ab67616d0000b273289320ef78f164a472698926,2001-10-23,Incubus,3YcBF2ttyueytpXtEzn1Za,212733,9,0.000631,0.246,0.768,0.301,0.102,-7.48,1,0.0387,0.35,169.873,"alternative metal, alternative rock, funk metal, funk rock, nu metal, post-grunge, rock"
wrapped 2021,1yrZ9vFolGiu6llFm5pCE6,Innervision,0Xmbtw7NhNiDnL4BWy5wDh,False,67,Steal This Album!,6lA1sGw7eCv27bcpd5E0wT,https://i.scdn.co/image/ab67616d0000b2737cf4c0d42c5b62c9deebdcd8,2002-11-26,System Of A Down,5eAWCfyUhZtHHtBdNk56l1,153773,5,0.000201,0.445,0.953,0.0244,0.357,-2.267,0,0.099,0.233,120.013,"alternative metal, nu metal, rap metal, rock"
wrapped 2021,1yrZ9vFolGiu6llFm5pCE6,Radio/Video,41pOIT2t1rvr2Trg1HQChZ,False,70,Mezmerize,0cn6MHyx4YuZauaB7Pb66o,https://i.scdn.co/image/ab67616d0000b273c65f8d04502eeddbdd61fa71,2005-05-17,System Of A Down,5eAWCfyUhZtHHtBdNk56l1,249227,6,0.171,0.358,0.921,7.64e-06,0.358,-2.467,0,0.0695,0.476,139.256,"alternative metal, nu metal, rap metal, rock"
wrapped 2021,1yrZ9vFolGiu6llFm5pCE6,Aerials,4e9eGQYsOiBcftrWXwsVco,False,81,Toxicity,6jWde94ln40epKIQCd8XUh,https://i.scdn.co/image/ab67616d0000b27330d45198d0c9e8841f9a9578,2001-09-04,System Of A Down,5eAWCfyUhZtHHtBdNk56l1,235053,0,0.000915,0.364,0.922,0.0346,0.0697,-4.217,0,0.0567,0.227,79.342,"alternative metal, nu metal, rap metal, rock"
wrapped 2021,1yrZ9vFolGiu6llFm5pCE6,As I Am,6hz6lrQtLcxOOjflnYjF9o,True,56,Train of Thought,1yAbzShRcY4muLKsX8UWxj,https://i.scdn.co/image/ab67616d0000b2738824ff57d5ffe2ca803c8a57,2003-11-10,Dream Theater,2aaLAng2L2aWD2FClzwiep,467827,7,1.09e-05,0.514,0.95,0.0135,0.19,-4.657,1,0.0725,0.149,130.027,"hard rock, metal, progressive metal"
wrapped 2021,1yrZ9vFolGiu6llFm5pCE6,Make It Wit Chu,6GyDY0yE47rfk8pcuKhioh,False,67,Era Vulgaris,1w71aBHYJ1zTOsSsmr2Fca,https://i.scdn.co/image/ab67616d0000b27301b7dc44ae31364925b4eadc,2007-01-01,Queens of the Stone Age,4pejUc4iciQfgdX6OKulQn,290493,9,0.413,0.708,0.828,0.000104,0.12,-5.286,1,0.0286,0.505,91.977,"alternative metal, alternative rock, grunge, modern rock, palm desert scene, rock, stoner metal, stoner rock"
wrapped 2021,1yrZ9vFolGiu6llFm5pCE6,Before I Forget,6wqJeItl3Vc3az4ZicSQAB,False,79,Vol. 3: The Subliminal Verses,4ZDBQSIDIZRUBOG2OHcN3T,https://i.scdn.co/image/ab67616d0000b2736b3463e7160d333ada4b175a,2004,Slipknot,05fG473iIaoy82BF1aGhL8,278600,6,0.0177,0.291,0.974,5.44e-06,0.886,-2.997,0,0.171,0.348,134.724,"alternative metal, nu metal, rap metal, rock"
wrapped 2021,1yrZ9vFolGiu6llFm5pCE6,Killing In The Name,59WN2psjkt1tyaxjspN8fp,True,82,Rage Against The Machine - XX (20th Anniversary Special Edition),4Io5vWtmV1rFj4yirKb4y4,https://i.scdn.co/image/ab67616d0000b27354ab617bc2d4974ab6ffbece,1992,Rage Against The Machine,2d0hyoQ5ynDBnkvAbJKORj,313573,7,0.0266,0.466,0.833,0.0,0.0327,-4.215,1,0.304,0.661,88.785,"alternative metal, alternative rock, conscious hip hop, funk metal, hard rock, nu metal, political hip hop, post-grunge, rap metal, rap rock, rock"
wrapped 2021,1yrZ9vFolGiu6llFm5pCE6,Bulls On Parade,0tZ3mElWcr74OOhKEiNz1x,True,76,Evil Empire,24E6rDvGDuYFjlGewp4ntF,https://i.scdn.co/image/ab67616d0000b273053f006079bce979e5fef1e1,1996-04-16,Rage Against The Machine,2d0hyoQ5ynDBnkvAbJKORj,229467,5,0.0124,0.412,0.919,0.0601,0.424,-7.291,1,0.184,0.572,166.367,"alternative metal, alternative rock, conscious hip hop, funk metal, hard rock, nu metal, political hip hop, post-grunge, rap metal, rap rock, rock"
wrapped 2021,1yrZ9vFolGiu6llFm5pCE6,Razões E Emoções,0kpyiEcH82ni9TuuZYxKzL,False,65,NX Zero,36XdECqksmPP6MsEOjW6lG,https://i.scdn.co/image/ab67616d0000b273aa591b352cc8c0966a81dbd8,2006-01-27,NX Zero,1A3dFCPF68vh5lyxzBqLUH,222400,3,0.0543,0.58,0.931,0.000116,0.309,-2.886,1,0.0313,0.432,124.097,"brazilian emo, brazilian rock, pop rock brasileiro, rock alternativo brasileiro"
wrapped 2021,1yrZ9vFolGiu6llFm5pCE6,Break Stuff,5cZqsjVs6MevCnAkasbEOX,True,83,Significant Other,3HCCUaRSjHSFOe4fqE0BiP,https://i.scdn.co/image/ab67616d0000b2733783782de74f61e36795bf9c,1999,Limp Bizkit,165ZgPlLkK7bf5bDoFc6Sb,166707,8,0.0127,0.432,0.884,0.000527,0.166,-6.659,1,0.13,0.624,108.948,"alternative metal, funk metal, nu metal, post-grunge, rap metal, rock"
wrapped 2021,1yrZ9vFolGiu6llFm5pCE6,Rollin' (Air Raid Vehicle),3IV4swNduIRunHREK80owz,True,80,Chocolate Starfish And The Hot Dog Flavored Water,5mi7FKaWE5CtcOjdyxScA7,https://i.scdn.co/image/ab67616d0000b2734a31b146c7cf07705d912efe,2000-10-17,Limp Bizkit,165ZgPlLkK7bf5bDoFc6Sb,213760,1,0.00591,0.603,0.933,0.0,0.206,-3.358,1,0.171,0.709,96.306,"alternative metal, funk metal, nu metal, post-grunge, rap metal, rock"
wrapped 2021,1yrZ9vFolGiu6llFm5pCE6,Hail to the King,5anCkDvJ17aznvK5TED5uo,False,80,Hail to the King,0ks45m1bsP2JsZpM5D2FFA,https://i.scdn.co/image/ab67616d0000b2730ea1ecb2d5271c2db402b0c2,2013-08-23,Avenged Sevenfold,0nmQIMXWTXfhgOBdNzhGOs,305907,3,0.000297,0.58,0.916,0.0259,0.126,-4.358,0,0.0387,0.683,118.004,alternative metal
wrapped 2021,1yrZ9vFolGiu6llFm5pCE6,Set Me Free,2IrdmiRatVE5s3l2YRcIXH,False,54,Set Me Free,0QKfHcNAjUqQo6PyQrGPk9,https://i.scdn.co/image/ab67616d0000b273f8ff4fc228b1925ea53d8b85,2020-01-17,Avenged Sevenfold,0nmQIMXWTXfhgOBdNzhGOs,381201,6,0.000415,0.448,0.661,6.42e-05,0.0499,-7.293,1,0.0311,0.213,139.983,alternative metal
wrapped 2021,1yrZ9vFolGiu6llFm5pCE6,Save Me,53jogSv23P6DFcOHcZrDs9,False,57,Nightmare,7vfuTRXIAYJz5Uc8SddnTr,https://i.scdn.co/image/ab67616d0000b273c34064a3c5e4a25892a091f3,2010-07-23,Avenged Sevenfold,0nmQIMXWTXfhgOBdNzhGOs,656493,9,0.000391,0.499,0.916,0.00117,0.154,-4.785,0,0.0501,0.251,94.963,alternative metal
wrapped 2021,1yrZ9vFolGiu6llFm5pCE6,Nightmare,4UEo1b0wWrtHMC8bVqPiH8,True,75,Nightmare,7vfuTRXIAYJz5Uc8SddnTr,https://i.scdn.co/image/ab67616d0000b273c34064a3c5e4a25892a091f3,2010-07-23,Avenged Sevenfold,0nmQIMXWTXfhgOBdNzhGOs,374453,2,0.000318,0.554,0.949,9.98e-05,0.2,-4.928,1,0.0787,0.233,129.984,alternative metal
wrapped 2021,1yrZ9vFolGiu6llFm5pCE6,Seize the Day,7HKRWMTErKh56EIBeFcmdf,False,70,City of Evil,55tK4Ab7XHTOKkw0xDz3AA,https://i.scdn.co/image/ab67616d0000b27391b3adb195fd4017fd3d6400,2005-06-06,Avenged Sevenfold,0nmQIMXWTXfhgOBdNzhGOs,334067,5,0.0168,0.393,0.802,0.0,0.193,-4.499,1,0.0367,0.338,140.101,alternative metal
wrapped 2021,1yrZ9vFolGiu6llFm5pCE6,Blurry,0FLBNqc5oAiTt4J2e3fe3y,False,68,Come Clean,4oWz3E9jTrBe9sVkiX2sJ5,https://i.scdn.co/image/ab67616d0000b27353cf4c30b11cf78c7bf6b793,2001-08-28,Puddle Of Mudd,3dXaa6jwM7B52GZpaJEIr5,303920,3,0.00691,0.432,0.936,0.0,0.14,-4.537,0,0.0562,0.499,157.469,"alternative metal, nu metal, post-grunge"
wrapped 2021,1yrZ9vFolGiu6llFm5pCE6,Shelf In The Room,5UNoPMX7K2W769iQ4PDfOt,False,56,Days Of The New,3JtPH618I1PMOrafvH8Xo8,https://i.scdn.co/image/ab67616d0000b2730331d2381d2d11ec38511694,1997-06-03,Days Of The New,07jc1IMGtecDZzOL9cP50t,283973,6,0.0349,0.621,0.619,6.88e-05,0.168,-9.047,1,0.0264,0.325,128.967,"alternative metal, grunge, nu metal, post-grunge"
wrapped 2021,1yrZ9vFolGiu6llFm5pCE6,Déjà Vu,5Gbeo74EGXQmObATXwPjzd,False,49,Anacrônico,589UgNCDMopQpf8m86njik,https://i.scdn.co/image/ab67616d0000b2731b6e4b2882ad10f4ce8a42d1,2005-08-08,Pitty,2dmQ0vMD3THLMcz7DsvfaT,258067,7,0.0123,0.297,0.749,0.0,0.133,-5.726,1,0.0328,0.325,91.823,"brazilian rock, hard rock brasileiro, pop rock brasileiro, rock baiano"
wrapped 2021,1yrZ9vFolGiu6llFm5pCE6,Admirável Chip Novo,7o7MExeF7niW4VFiie5Zxh,False,65,Admirável Chip Novo,6t9HEcqxPe5dsIlHyYwATK,https://i.scdn.co/image/ab67616d0000b2739b0c101acbe6a2ea36c480b1,2003-04-16,Pitty,2dmQ0vMD3THLMcz7DsvfaT,191520,2,0.00265,0.671,0.77,0.0,0.249,-4.12,1,0.0309,0.437,136.076,"brazilian rock, hard rock brasileiro, pop rock brasileiro, rock baiano"
wrapped 2021,1yrZ9vFolGiu6llFm5pCE6,Máscara,2Y0R8ey56JBZj6Au3HenCq,False,59,Admirável Chip Novo,6t9HEcqxPe5dsIlHyYwATK,https://i.scdn.co/image/ab67616d0000b2739b0c101acbe6a2ea36c480b1,2003-04-16,Pitty,2dmQ0vMD3THLMcz7DsvfaT,288680,7,0.00269,0.661,0.695,0.0,0.12,-3.97,1,0.0256,0.419,99.958,"brazilian rock, hard rock brasileiro, pop rock brasileiro, rock baiano"
wrapped 2021,1yrZ9vFolGiu6llFm5pCE6,I Don't Want to Be,4vl2zwXsTmAxgu9iY0g6UK,False,66,Chariot,5YTn3PFD7mrjhucfeafJE7,https://i.scdn.co/image/ab67616d0000b27373e05d44cf2a571ccbc16e60,2003-07-21,Gavin DeGraw,5DYAABs8rkY9VhwtENoQCz,217760,0,0.00806,0.423,0.862,0.0,0.133,-5.13,0,0.0695,0.462,154.756,"neo mellow, pop rock"
wrapped 2021,1yrZ9vFolGiu6llFm5pCE6,Use Somebody,5VGlqQANWDKJFl0MBG3sg2,False,80,Only By The Night,5CZR6ljD0x9fTiS4mh9wMp,https://i.scdn.co/image/ab67616d0000b2732519d01c0cca06f134eeadd8,2008-09-23,Kings of Leon,2qk9voo8llSGYcZ6xrBzKx,230760,0,0.00552,0.276,0.715,0.000417,0.201,-5.356,1,0.0432,0.173,137.028,"modern rock, rock"
wrapped 2021,1yrZ9vFolGiu6llFm5pCE6,Careless Whisper,46eHxWRKmtYhUHPDRgclt6,False,68,Finding Beauty In Negative Spaces (Bonus Track Version),59Tni3gA1OczshFWTMxmbo,https://i.scdn.co/image/ab67616d0000b273c418220159462cdd7cfeb9a1,2007-01-01,Seether,6B5c4sch27tWHAGdarpPaW,296973,2,6.07e-05,0.469,0.943,0.00547,0.0717,-4.196,1,0.102,0.358,134.031,"alternative metal, nu metal, post-grunge, south african rock"
wrapped 2021,1yrZ9vFolGiu6llFm5pCE6,Enter Sandman,5sICkBXVmaCQk5aISGR3x1,False,83,Metallica,2Kh43m04B1UkVcpcRa1Zug,https://i.scdn.co/image/ab67616d0000b273cf84c5b276431b473e924802,1991-08-12,Metallica,2ye2Wgw4gimLv2eAKyk1NB,331267,6,0.00213,0.577,0.828,0.0114,0.0581,-8.691,0,0.0298,0.604,123.257,"hard rock, metal, old school thrash, rock, thrash metal"
wrapped 2021,1yrZ9vFolGiu6llFm5pCE6,Your Betrayal,25GC50HslaaruyrKjdu0lP,False,71,Fever,3q3DB4fElKDIDE2bXTLFlb,https://i.scdn.co/image/ab67616d0000b273f467961e3089fd694c893584,2010-04-20,Bullet For My Valentine,7iWiAD5LLKyiox2grgfmUT,291427,2,8.07e-05,0.569,0.883,7.74e-05,0.0883,-4.41,0,0.0748,0.373,134.001,"alternative metal, melodic metalcore, nu metal, post-grunge, uk metalcore, welsh metal"
wrapped 2021,1yrZ9vFolGiu6llFm5pCE6,Bittersweet Memories,6G6h5OBkBpTcQWY4QVyzbx,False,33,Fever (Tour Edition),5jx8tY8uKTYHYmhxkEmw7n,https://i.scdn.co/image/ab67616d0000b273aa6b51465dbf90c165ba69c1,2010-11-22,Bullet For My Valentine,7iWiAD5LLKyiox2grgfmUT,308827,3,0.000108,0.443,0.883,2.15e-06,0.188,-4.144,1,0.0442,0.202,142.048,"alternative metal, melodic metalcore, nu metal, post-grunge, uk metalcore, welsh metal"
wrapped 2021,1yrZ9vFolGiu6llFm5pCE6,You Oughta Know - 2015 Remaster,3jS7bB0oXVOwGFZn3aE5NV,True,70,Jagged Little Pill (2015 Remaster),5Ap3F8CxjjsQKZGASDcHNA,https://i.scdn.co/image/ab67616d0000b273242e643ea07118ecf677a6ef,1995,Alanis Morissette,6ogn9necmbUdCppmNnGOdi,249493,4,0.21,0.665,0.834,0.0,0.452,-7.737,1,0.0576,0.411,105.292,"canadian pop, canadian singer-songwriter, lilith, neo mellow, pop rock, singer-songwriter"
wrapped 2021,1yrZ9vFolGiu6llFm5pCE6,Face Down,36BLUfRUi2kOsUUSgQPiun,False,38,Face Down,7r8GHKkE3TUQyXmjTEbfaK,https://i.scdn.co/image/ab67616d0000b2735905d43113be1e21e06b020c,2020-04-29,Halocene,1S4xN9nvW5vlFoRBisdxUL,189000,8,0.000774,0.407,0.909,0.0,0.132,-5.208,0,0.103,0.572,186.142,pixie
wrapped 2021,1yrZ9vFolGiu6llFm5pCE6,Dias Atrás,7hjAhjnMzpMT9vU54w0LYF,False,65,Chegou A Hora De Recomeçar,4vLwnLDByvCxN08icBe18r,https://i.scdn.co/image/ab67616d0000b273881c8b007c6da4ed49e9a2e5,2002,CPM 22,2Jw4Lrfjnyv2QsDoBgnrAP,248373,11,0.000105,0.401,0.957,3.97e-06,0.362,-2.841,1,0.045,0.812,144.446,"brazilian emo, brazilian punk, brazilian rock, pop rock brasileiro"
wrapped 2021,1yrZ9vFolGiu6llFm5pCE6,Crazy Train,7ACxUo21jtTHzy7ZEV56vU,False,80,Blizzard Of Ozz (40th Anniversary Expanded Edition),4qUMByJ3Pk94BFnCmGaUPS,https://i.scdn.co/image/ab67616d0000b273475ca6e5c1ce0ef70740c3c6,2020-09-18,Ozzy Osbourne,6ZLTlhejhndI4Rh53vYhrY,293183,9,0.408,0.454,0.913,0.000271,0.248,-4.008,1,0.107,0.521,137.688,"album rock, alternative metal, birmingham metal, classic rock, glam metal, hard rock, metal, rock"
wrapped 2021,1yrZ9vFolGiu6llFm5pCE6,My Sacrifice,2VSbEXqs6NbNiZSTcHlIDR,False,75,Weathered,2ENlJXygQX6en4iziijet6,https://i.scdn.co/image/ab67616d0000b273a32f2ae4dade83e0d7a294f4,2001-01-01,Creed,43sZBwHjahUvgbx1WNIkIz,294600,2,0.000101,0.32,0.88,4.31e-06,0.076,-6.035,1,0.0504,0.257,146.349,"alternative metal, nu metal, post-grunge"
wrapped 2021,1yrZ9vFolGiu6llFm5pCE6,My Curse,6zKF4293k44ItKWJJgrhXv,False,72,As Daylight Dies (Special Edition),6iJEtgHTEbVlSS5isIS71z,https://i.scdn.co/image/ab67616d0000b273cc5bb1a3f809896baf67dba4,2006-01-21,Killswitch Engage,37394IP6uhnjIpsawpMu4l,244773,10,7.61e-05,0.197,0.956,0.00992,0.261,-2.908,0,0.0663,0.209,177.018,"alternative metal, boston metal, melodic metalcore, metalcore, nu metal, post-grunge"
wrapped 2021,1yrZ9vFolGiu6llFm5pCE6,Me encontra,5yEais1zgeW1MjLrx7tsie,False,66,Camisa 10 joga bola até na chuva,0tbiBipiOorOAnL7XWFbgt,https://i.scdn.co/image/ab67616d0000b273f066003f5c78d52a42bb25b1,2009-09-16,Charlie Brown Jr.,1on7ZQ2pvgeQF4vmIA09x5,211467,8,0.0327,0.395,0.954,0.000123,0.124,-3.878,1,0.0555,0.686,178.001,"brazilian rock, hard rock brasileiro, rock alternativo brasileiro, rock nacional brasileiro"
wrapped 2021,1yrZ9vFolGiu6llFm5pCE6,Heart-Shaped Box,11LmqTE2naFULdEP94AUBa,False,81,In Utero (Deluxe Edition),6ohX7moZZnF1FwYrli1OJ6,https://i.scdn.co/image/ab67616d0000b273aca059cebc1841277db22d1c,1993-09-21,Nirvana,6olE6TJLqED3rqDCT0FyPh,281160,1,0.199,0.256,0.641,0.0329,0.0853,-10.283,1,0.0552,0.382,203.006,"grunge, permanent wave, rock"
wrapped 2021,1yrZ9vFolGiu6llFm5pCE6,Smells Like Teen Spirit,1f3yAtsJtY87CTmM8RLnxf,False,6,Nevermind (Deluxe Edition),2uEf3r9i2bnxwJQsxQ0xQ7,https://i.scdn.co/image/ab67616d0000b27328a90d00a2819504364880e4,1991-09-26,Nirvana,6olE6TJLqED3rqDCT0FyPh,301920,1,2.55e-05,0.502,0.912,0.000173,0.106,-4.556,1,0.0564,0.72,116.761,"grunge, permanent wave, rock"
wrapped 2021,1yrZ9vFolGiu6llFm5pCE6,A Mais Pedida - Ao Vivo | Acústico,6kCGzPmsyJkzs0UnbXjply,False,61,Acústico - Ao Vivo,2DMlDuUYFSjOyEDDL86yia,https://i.scdn.co/image/ab67616d0000b273c2e68b8c40c3cc8433b43963,2017-04-28,Raimundos,3CfJckVRuukdJSvK3r89yJ,222784,11,0.487,0.604,0.892,2.54e-06,0.127,-3.527,1,0.0326,0.755,127.908,"brazilian punk, brazilian punk rock, brazilian reggae, brazilian rock, hard rock brasileiro, rock brasiliense, rock nacional brasileiro"
wrapped 2021,1yrZ9vFolGiu6llFm5pCE6,Eu quero ver o oco,1yH1aRNG6SwZXE9RsN0qRy,False,56,Lavô Tá Novo,7l5adEpdeFHKUIJDnXhmSS,https://i.scdn.co/image/ab67616d0000b273c1fa47aa2d3f38d56e5cb71e,1995-10-03,Raimundos,3CfJckVRuukdJSvK3r89yJ,251400,7,0.00231,0.669,0.96,0.0,0.104,-6.432,1,0.0606,0.58,121.27,"brazilian punk, brazilian punk rock, brazilian reggae, brazilian rock, hard rock brasileiro, rock brasiliense, rock nacional brasileiro"
wrapped 2021,1yrZ9vFolGiu6llFm5pCE6,Natasha - Ao Vivo,3BbGbnqvF2hJjbK3uCYq1M,False,19,Capital Inicial Multishow Ao Vivo,77YPXxIzAzRD1vXMF3JQQJ,https://i.scdn.co/image/ab67616d0000b2730ac4eae340559bbd502be5dd,2008,Capital Inicial,4Z0yuwHVJBROVZqFpTIr0d,197933,2,0.00421,0.374,0.935,0.157,0.984,-5.729,1,0.0689,0.413,76.545,"brazilian rock, pop rock brasileiro, rock brasiliense, rock nacional brasileiro"
wrapped 2021,1yrZ9vFolGiu6llFm5pCE6,Pompeii,6fNhZRFEkBfgW39W3wKARJ,False,80,Bad Blood,1jUoeAbO2HCADZ1uiyLYIo,https://i.scdn.co/image/ab67616d0000b273b89cf022db28fa31376e0ed8,2013-01-01,Bastille,7EQ0qTo7fWT7DPxmxtSYEc,214148,9,0.0755,0.679,0.715,0.0,0.271,-6.383,1,0.0407,0.571,127.435,"metropopolis, modern rock, pop"
wrapped 2021,1yrZ9vFolGiu6llFm5pCE6,Walk,7fcfNW0XxTWlwVlftzfDOR,True,77,Vulgar Display of Power,7kW0cpKgSVsEqcc8xgbSb0,https://i.scdn.co/image/ab67616d0000b273347c0a40c1e3f0c890a6d9d6,1992-02-21,Pantera,14pVkFUHDL207LzLHtSA18,315120,1,0.000155,0.43,0.704,0.00221,0.0933,-8.008,0,0.0804,0.703,118.242,"alternative metal, groove metal, hard rock, metal, nu metal, old school thrash, rock, texas metal"
wrapped 2021,1yrZ9vFolGiu6llFm5pCE6,Highway to Hell,2zYzyRzz6pRmhPzyfMEC8s,False,87,Highway to Hell,10v912xgTZbjAtYfyKWJCS,https://i.scdn.co/image/ab67616d0000b27351c02a77d09dfcd53c8676d0,1979-07-27,AC/DC,711MCceyCBcFnzjGY4Q7Un,208400,6,0.061,0.574,0.913,0.00158,0.156,-4.793,0,0.133,0.423,115.728,"australian rock, hard rock, rock"
wrapped 2021,1yrZ9vFolGiu6llFm5pCE6,Feast Of Fire,4iJg7QdhqLHwfYOmYHqU9z,False,44,Feast Of Fire,0Wv1dffJbn76Vsh4CWeoOq,https://i.scdn.co/image/ab67616d0000b273a82120c595afebd8513a7534,2021-08-12,Trivium,278ZYwGhdK6QTzE3MFePnP,258837,6,1.42e-05,0.346,0.949,0.422,0.0524,-3.973,1,0.0837,0.323,178.027,"alternative metal, groove metal, melodic metalcore, melodic thrash, metal, metalcore, nu metal, post-grunge"
wrapped 2021,1yrZ9vFolGiu6llFm5pCE6,Wonderwall - Remastered,5qqabIl2vWzo9ApSC317sa,False,82,(What's The Story) Morning Glory? [Remastered],1VW1MFNstaJuygaoTPkdCk,https://i.scdn.co/image/ab67616d0000b27385e5dcc05cc216a10f141480,1995-10-02,Oasis,2DaxqgrOhkeH0fpeiQq2f4,258773,2,0.000452,0.378,0.896,0.0,0.194,-4.066,1,0.0407,0.469,174.302,"beatlesque, britpop, madchester, permanent wave, rock"
wrapped 2021,1yrZ9vFolGiu6llFm5pCE6,Talk Tonight - Remastered,0nufhlacuDxP6rNm6qLNrc,False,54,(What's The Story) Morning Glory? [Remastered],1VW1MFNstaJuygaoTPkdCk,https://i.scdn.co/image/ab67616d0000b27385e5dcc05cc216a10f141480,1995-10-02,Oasis,2DaxqgrOhkeH0fpeiQq2f4,263747,4,0.52,0.392,0.428,7.8e-06,0.365,-8.405,0,0.0246,0.317,84.505,"beatlesque, britpop, madchester, permanent wave, rock"
wrapped 2021,1yrZ9vFolGiu6llFm5pCE6,Open Your Eyes,3Gbyl3XZVeEcnFPiiPR09n,False,59,One Day Remains,6hqietEuZCikevdO2oGTcx,https://i.scdn.co/image/ab67616d0000b273bc7ddb77993dd1d8d19c22a2,2004-08-10,Alter Bridge,4DWX7u8BV0vZIQSpJQQDWU,298600,2,0.000244,0.356,0.904,1.75e-06,0.359,-3.953,1,0.0624,0.38,162.397,"alternative metal, nu metal, post-grunge"
wrapped 2021,1yrZ9vFolGiu6llFm5pCE6,Unleashed - Instrumental,6OoCs6YivnKTUwZ2iLjOHi,False,32,Unleashed (Instrumental),6wVqII9WsXzgC3GFgnjTu5,https://i.scdn.co/image/ab67616d0000b273df73ca3d6c5a0b9de69d2e03,2020-12-22,HiveMind,4J3kswR8gVfSE4sOIwNeLA,202841,0,0.00207,0.735,0.449,0.708,0.0946,-11.625,0,0.0526,0.34,161.04,trap beats
wrapped 2021,1yrZ9vFolGiu6llFm5pCE6,Oracle,0uGu2FsxRyaujQPalzomty,False,16,Oracle,0FAZjjwBEDu1L0B9EqITLO,https://i.scdn.co/image/ab67616d0000b2733ed75241f2b71a53c0025bb5,2019-03-08,Peyruis,6qu7S8mXY2eKcqkDEGiGMN,153649,3,0.243,0.6,0.441,0.00209,0.164,-12.803,0,0.359,0.574,99.949,
wrapped 2021,1yrZ9vFolGiu6llFm5pCE6,Here,0gM7n7YMyfFIK4gBxAnJ02,False,21,"Beat Tape, Vol. 1 / Mentally, I'm Here",3QqAwG3j81xnL6SZVIGlG3,https://i.scdn.co/image/ab67616d0000b2735cc7707d039290e8477a5171,2021-01-08,Frizzo,44gg6tVRVzjoLVJlF4G3x0,57133,2,0.166,0.805,0.584,0.869,0.174,-5.506,1,0.0571,0.452,86.023,trap beats
wrapped 2021,1yrZ9vFolGiu6llFm5pCE6,Incomplete,0CnD7Hiw6pae6rLsZw5q5W,False,67,Never Gone,1Wz9PANLXjaOskUv575hRV,https://i.scdn.co/image/ab67616d0000b273fd2f4308f22fcae9f5c1fa8c,2005-06-14,Backstreet Boys,5rSXSAkZ67PYJSvpUpkOr7,239587,4,0.231,0.437,0.589,0.0,0.0768,-4.834,1,0.0331,0.165,133.631,"boy band, dance pop, pop"
wrapped 2021,1yrZ9vFolGiu6llFm5pCE6,Awake and Alive,0nkzd3yNniB767zSDDdLZ3,False,73,Awake,0RySAmM6oDPGSE03X3dzi1,https://i.scdn.co/image/ab67616d0000b27343e531d5f69170aba281ef43,2009-08-21,Skillet,49bzE5vRBRIota4qeHtQM8,209493,4,0.0425,0.434,0.939,0.0,0.491,-2.983,0,0.0593,0.569,159.932,"alternative metal, christian alternative rock, christian music, christian rock"
wrapped 2021,1yrZ9vFolGiu6llFm5pCE6,Zombie,2IZZqH4K02UIYg5EohpNHF,False,2,No Need To Argue,5GugLrmYMl5VRoe2zNgLGp,https://i.scdn.co/image/ab67616d0000b273e2213d84fabb15100c425198,1994-10-03,The Cranberries,7t0rwkOPGlDPEhaOcVtOt9,306427,7,0.0154,0.307,0.635,0.00483,0.366,-8.957,1,0.0339,0.304,166.973,"irish rock, pop rock, rock"
wrapped 2021,1yrZ9vFolGiu6llFm5pCE6,Wrong Side of Heaven,11Ojp7JniVvwd0gmgvyKkd,True,70,"The Wrong Side Of Heaven And The Righteous Side Of Hell, Volume 1",6vMTdFzBPjyrBSFkCvjUh3,https://i.scdn.co/image/ab67616d0000b27376df46a3fd82c419a2dc0a43,2013-07-26,Five Finger Death Punch,5t28BP42x2axFnqOOMg3CM,271000,4,0.00721,0.481,0.932,0.0,0.337,-4.592,0,0.083,0.543,149.992,"alternative metal, groove metal, nu metal"
wrapped 2021,1yrZ9vFolGiu6llFm5pCE6,Symphony Of Destruction,51TG9W3y9qyO8BY5RXKgnZ,False,71,Countdown To Extinction (Expanded Edition - Remastered),1w9opfGdFtR3ulNHxnnO1e,https://i.scdn.co/image/ab67616d0000b2737b178f928742be1492c6fba2,1992-07-14,Megadeth,1Yox196W7bzVNZI7RBaPnf,246733,4,0.000805,0.61,0.891,0.0928,0.0657,-5.452,0,0.0587,0.51,139.903,"alternative metal, hard rock, melodic thrash, metal, old school thrash, rock, speed metal, thrash metal"
wrapped 2021,1yrZ9vFolGiu6llFm5pCE6,Unspoken,4H1ira7plhxqY3jT4dTwhb,False,22,Unspoken,7BMi1zBdaVOo5qvxNTJEXM,https://i.scdn.co/image/ab67616d0000b273ec731b59f78d09cdb6afda8b,2020-04-17,The Dead Daisies,6VDAPUov4yNDHyQlPqrpNH,287721,8,9.55e-05,0.42,0.885,0.574,0.0949,-6.844,1,0.08,0.448,135.124,"modern hard rock, nwocr"
wrapped 2021,1yrZ9vFolGiu6llFm5pCE6,Pisces,5t8NXa2fugcTPsTfhVILmS,False,60,King of Everything,34d5piioQWqO1vuqAHuFT1,https://i.scdn.co/image/ab67616d0000b273ae9f1930ffcc30a63f45e0bd,2016-07-29,Jinjer,7o6cOczXTB8ioTAAJTbESf,305571,9,0.0174,0.6,0.849,0.00205,0.0745,-5.788,0,0.0376,0.257,140.002,slayer
wrapped 2021,1yrZ9vFolGiu6llFm5pCE6,I Hate Everything About You,0M955bMOoilikPXwKLYpoi,False,78,Three Days Grace,13topfW33NjnACjnRiZBX7,https://i.scdn.co/image/ab67616d0000b27377922eaa071fb388270f203f,2003-04-19,Three Days Grace,2xiIXseIJcq3nG7C8fHeBj,231480,6,0.00461,0.498,0.83,0.0,0.139,-5.157,0,0.0421,0.453,89.342,"alternative metal, canadian metal, canadian rock, nu metal, post-grunge, rock"
wrapped 2021,1yrZ9vFolGiu6llFm5pCE6,Kickstart My Heart,7GonnnalI2s19OCQO1J7Tf,False,2,Dr. Feelgood,6pL7kL9cOc0DpWCq6qJtxQ,https://i.scdn.co/image/ab67616d0000b2739a81658775e67d37b9e13be1,1989,Mötley Crüe,0cc6vw3VN8YlIcvr1v7tBL,282653,7,0.00125,0.359,0.981,0.00236,0.284,-3.622,0,0.303,0.271,178.98,"album rock, alternative metal, glam metal, hard rock, metal, rock, sleaze rock"
wrapped 2021,1yrZ9vFolGiu6llFm5pCE6,Come Together - Remastered 2009,2EqlS6tkEnglzr7tkKAAYD,False,81,Abbey Road (Remastered),0ETFjACtuP2ADo6LFhL6HN,https://i.scdn.co/image/ab67616d0000b273dc30583ba717007b00cceb25,1969-09-26,The Beatles,3WrFJ7ztbogyGnTHbHJFl2,259947,9,0.0302,0.533,0.376,0.248,0.0926,-11.913,0,0.0393,0.187,165.007,"british invasion, classic rock, merseybeat, psychedelic rock, rock"
